                  epoch,         train/box_loss,         train/cls_loss,         train/dfl_loss,   metrics/precision(B),      metrics/recall(B),       metrics/mAP50(B),    metrics/mAP50-95(B),           val/box_loss,           val/cls_loss,           val/dfl_loss,                 lr/pg0,                 lr/pg1,                 lr/pg2
                      0,                 1.4477,                 2.1306,                 1.0585,                0.85064,                0.49617,                0.73823,                0.34799,                 1.2612,                 4.7669,                0.65911,               0.070357,              0.0032937,              0.0032937
                      1,                  1.335,                 1.5146,                0.99429,                0.79125,                0.79784,                0.77524,                0.39096,                 1.3243,                 3.1006,                0.65965,               0.040302,              0.0065723,              0.0065723
                      2,                 1.3386,                 1.5273,                 0.9945,                0.71585,                0.83071,                0.74174,                0.37999,                 1.3018,                 3.5363,                0.68958,               0.010193,               0.009796,               0.009796
                      3,                 1.3222,                  1.539,                 1.0065,                0.74677,                 0.8136,                0.73117,                0.33054,                 1.3411,                 3.8179,                0.71586,              0.0097525,              0.0097525,              0.0097525
                      4,                  1.289,                 1.4843,                0.99315,                0.80355,                0.81956,                0.79224,                0.44393,                 1.1822,                 3.0697,                0.64809,              0.0097525,              0.0097525,              0.0097525
                      5,                 1.2574,                 1.4373,                0.98083,                0.79486,                 0.8226,                0.76541,                0.41706,                 1.1824,                 3.1937,                0.65743,                0.00967,                0.00967,                0.00967
